Категория	Название	Идентификатор	Описание	Короткое описание	Цена	Фото	Популярный товар	В наличии	Количество	Единицы измерения	Ссылка
Косметология эстетическая	Атравматическая чистка лица на косметике 'Egia'	aesthetic-cosmetology-1	Атравматическая чистка лица на косметике 'Egia'. Длительность: 2ч 30м	2ч 30м	5000 ₽			Да	1	услуга	/price?service=aesthetic-cosmetology
Косметология эстетическая	Мануальная чистка лица с применением очищающего ухода 'Актилия', 'Christina'	aesthetic-cosmetology-2	Мануальная чистка лица с применением очищающего ухода 'Актилия', 'Christina'. Длительность: 2ч 30м - 3ч	2ч 30м - 3ч	5000 ₽			Да	1	услуга	/price?service=aesthetic-cosmetology
Косметология эстетическая	Комбинированная чистка лица на косметике 'Egia', 'Christina'	aesthetic-cosmetology-3	Комбинированная чистка лица на косметике 'Egia', 'Christina'. Длительность: 3ч - 3ч 30м	3ч - 3ч 30м	5000 ₽			Да	1	услуга	/price?service=aesthetic-cosmetology
Косметология эстетическая	Ультразвуковая чистка лица на косметике 'Egia', 'Christina'	aesthetic-cosmetology-4	Ультразвуковая чистка лица на косметике 'Egia', 'Christina'. Длительность: 1ч 30м	1ч 30м	5000 ₽			Да	1	услуга	/price?service=aesthetic-cosmetology
Косметология эстетическая	Ультразвуковая чистка спины (надплечье) 'Egia', 'Christina'	aesthetic-cosmetology-5	Ультразвуковая чистка спины (надплечье) 'Egia', 'Christina'. Длительность: 1ч 30м	1ч 30м	5000 ₽			Да	1	услуга	/price?service=aesthetic-cosmetology
Косметология эстетическая	Ультразвуковая чистка спины (полностью) 'Egia', 'Christina'	aesthetic-cosmetology-6	Ультразвуковая чистка спины (полностью) 'Egia', 'Christina'. Длительность: 1ч 30м	1ч 30м	5000 ₽			Да	1	услуга	/price?service=aesthetic-cosmetology
Косметология эстетическая	Экспресс-уход	aesthetic-cosmetology-7	Экспресс-уход. Длительность: 40м	40м	2500 ₽			Да	1	услуга	/price?service=aesthetic-cosmetology
Косметология эстетическая	Экспресс-уход для нормальной кожи	aesthetic-cosmetology-8	Экспресс-уход для нормальной кожи. Длительность: 40м	40м	2500 ₽			Да	1	услуга	/price?service=aesthetic-cosmetology
Косметология эстетическая	Экспресс-уход для жирной кожи	aesthetic-cosmetology-9	Экспресс-уход для жирной кожи. Длительность: 40м	40м	2500 ₽			Да	1	услуга	/price?service=aesthetic-cosmetology
Косметология эстетическая	Корректирующий уход для проблемной кожи «Актилия»	aesthetic-cosmetology-10	Корректирующий уход для проблемной кожи «Актилия». Длительность: 1ч	1ч	3500 ₽			Да	1	услуга	/price?service=aesthetic-cosmetology
Косметология эстетическая	Антиоксидантный уход для молодой кожи	aesthetic-cosmetology-11	Антиоксидантный уход для молодой кожи. Длительность: 1ч	1ч	3500 ₽			Да	1	услуга	/price?service=aesthetic-cosmetology
Косметология эстетическая	Интенсивный восстанавливающий уход для сухой кожи	aesthetic-cosmetology-12	Интенсивный восстанавливающий уход для сухой кожи. Длительность: 1ч	1ч	3500 ₽			Да	1	услуга	/price?service=aesthetic-cosmetology
Косметология эстетическая	Уход за кожей с применением комбинированного пилинга 'Ультра-пил'	aesthetic-cosmetology-13	Уход за кожей с применением комбинированного пилинга 'Ультра-пил'. Длительность: 1ч	1ч	5000 ₽			Да	1	услуга	/price?service=aesthetic-cosmetology
Косметология эстетическая	Восстановление кожи после повреждений	aesthetic-cosmetology-14	Восстановление кожи после повреждений. Длительность: 1ч	1ч	3500 ₽			Да	1	услуга	/price?service=aesthetic-cosmetology
Косметология эстетическая	Интенсивный омолаживающий уход за зрелой кожей	aesthetic-cosmetology-15	Интенсивный омолаживающий уход за зрелой кожей. Длительность: 1ч	1ч	5000 ₽			Да	1	услуга	/price?service=aesthetic-cosmetology
Косметология эстетическая	Интенсивный увлажняющий уход	aesthetic-cosmetology-16	Интенсивный увлажняющий уход. Длительность: 1ч	1ч	3500 ₽			Да	1	услуга	/price?service=aesthetic-cosmetology
Косметология эстетическая	Интенсивный уход за чувствительной кожей	aesthetic-cosmetology-17	Интенсивный уход за чувствительной кожей. Длительность: 1ч	1ч	3500 ₽			Да	1	услуга	/price?service=aesthetic-cosmetology
Косметология эстетическая	Лифтинг-уход «Коррекция мимических морщин»	aesthetic-cosmetology-18	Лифтинг-уход «Коррекция мимических морщин». Длительность: 1ч	1ч	5000 ₽			Да	1	услуга	/price?service=aesthetic-cosmetology
Косметология эстетическая	Антикуперозная программа	aesthetic-cosmetology-19	Антикуперозная программа. Длительность: 1ч	1ч	4000 ₽			Да	1	услуга	/price?service=aesthetic-cosmetology
Косметология эстетическая	Энергетический антиоксидантный уход «Вита С»	aesthetic-cosmetology-20	Энергетический антиоксидантный уход «Вита С». Длительность: 1ч	1ч	5000 ₽			Да	1	услуга	/price?service=aesthetic-cosmetology
Косметология эстетическая	Осветляющая программа для кожи с гиперпигментацией	aesthetic-cosmetology-21	Осветляющая программа для кожи с гиперпигментацией. Длительность: 1ч	1ч	5000 ₽			Да	1	услуга	/price?service=aesthetic-cosmetology
Косметология эстетическая	Уход за кожей вокруг глаз для уменьшения отеков и темных кругов	aesthetic-cosmetology-22	Уход за кожей вокруг глаз для уменьшения отеков и темных кругов. Длительность: 1ч	1ч	3000 ₽			Да	1	услуга	/price?service=aesthetic-cosmetology
Косметология эстетическая	Уход за кожей вокруг глаз от морщин	aesthetic-cosmetology-23	Уход за кожей вокруг глаз от морщин. Длительность: 1ч	1ч	3500 ₽			Да	1	услуга	/price?service=aesthetic-cosmetology
Косметология эстетическая	Карбокситерапия	aesthetic-cosmetology-24	Карбокситерапия. Длительность: 1ч	1ч	3000 ₽			Да	1	услуга	/price?service=aesthetic-cosmetology
Косметология эстетическая	Маска по типу кожи (не считается самостоятельной процедурой)	aesthetic-cosmetology-25	Маска по типу кожи (не считается самостоятельной процедурой). Длительность: 15м	15м	800 ₽			Да	1	услуга	/price?service=aesthetic-cosmetology
Косметология эстетическая	Альгинантная маска (не считается самостоятельной процедурой)	aesthetic-cosmetology-26	Альгинантная маска (не считается самостоятельной процедурой). Длительность: 15м	15м	1000 ₽			Да	1	услуга	/price?service=aesthetic-cosmetology
Косметология эстетическая	Пилинг-лосьон легкий 10% р.н 4.0 Ultra peel lotion light Egia	aesthetic-cosmetology-27	Пилинг-лосьон легкий 10% р.н 4.0 Ultra peel lotion light Egia. Длительность: 1ч	1ч	5000 ₽			Да	1	услуга	/price?service=aesthetic-cosmetology
Косметология эстетическая	Пилинг-лосьон средний 20% p.h 3.8 Ultra peel lotion light Egia	aesthetic-cosmetology-28	Пилинг-лосьон средний 20% p.h 3.8 Ultra peel lotion light Egia. Длительность: 1ч	1ч	5000 ₽			Да	1	услуга	/price?service=aesthetic-cosmetology
Косметология эстетическая	Пилинг-лосьон сильный 30% Р.Н 3.7 Ultra peel lotion light Egia	aesthetic-cosmetology-29	Пилинг-лосьон сильный 30% Р.Н 3.7 Ultra peel lotion light Egia. Длительность: 1ч	1ч	5000 ₽			Да	1	услуга	/price?service=aesthetic-cosmetology
Косметология эстетическая	Пилинг-лосьон ультра сильный 50% Р.Н 3.7 Ultra peel lotion light Egia Even Stronger	aesthetic-cosmetology-30	Пилинг-лосьон ультра сильный 50% Р.Н 3.7 Ultra peel lotion light Egia Even Stronger. Длительность: 1ч	1ч	5000 ₽			Да	1	услуга	/price?service=aesthetic-cosmetology
Косметология эстетическая	100% натуральный БИОпилинг лёгкий (для чувствительной и нормальной кожи)	aesthetic-cosmetology-31	100% натуральный БИОпилинг лёгкий (для чувствительной и нормальной кожи). Длительность: 1ч	1ч	5000 ₽			Да	1	услуга	/price?service=aesthetic-cosmetology
Косметология эстетическая	100% натуральный БИОпилинг сильный (для проблемной и жирной кожи)	aesthetic-cosmetology-32	100% натуральный БИОпилинг сильный (для проблемной и жирной кожи). Длительность: 1ч	1ч	5000 ₽			Да	1	услуга	/price?service=aesthetic-cosmetology
Косметология эстетическая	Пилинг пептидный, мощный 'DERMA QUEST'	aesthetic-cosmetology-33	Пилинг пептидный, мощный 'DERMA QUEST'. Длительность: 1ч	1ч	5000 ₽			Да	1	услуга	/price?service=aesthetic-cosmetology
Косметология эстетическая	Пилинг молочный для деликатной и чувствительной кожи (гиалуроновая, молочная кислоты 30% ph 3,25) 'DERMA QUEST'	aesthetic-cosmetology-34	Пилинг молочный для деликатной и чувствительной кожи (гиалуроновая, молочная кислоты 30% ph 3,25) 'DERMA QUEST'. Длительность: 1ч	1ч	5000 ₽			Да	1	услуга	/price?service=aesthetic-cosmetology
Косметология эстетическая	Пилинг тыквенный 'DERMA QUEST'	aesthetic-cosmetology-35	Пилинг тыквенный 'DERMA QUEST'. Длительность: 1ч	1ч	5000 ₽			Да	1	услуга	/price?service=aesthetic-cosmetology
Косметология эстетическая	Кислотный малиновый пилинг Berry Peel 12% AXA (салициловая ph 3,0)	aesthetic-cosmetology-36	Кислотный малиновый пилинг Berry Peel 12% AXA (салициловая ph 3,0). Длительность: 1ч	1ч	5000 ₽			Да	1	услуга	/price?service=aesthetic-cosmetology
Косметология эстетическая	Кислотный ванильный пилинг Vanilla Peel гликолевая 30% ph 2,5	aesthetic-cosmetology-37	Кислотный ванильный пилинг Vanilla Peel гликолевая 30% ph 2,5. Длительность: 1ч	1ч	5000 ₽			Да	1	услуга	/price?service=aesthetic-cosmetology
Косметология эстетическая	Профессиональный, всесезонный дерматологический пилинг PRX-T33	aesthetic-cosmetology-38	Профессиональный, всесезонный дерматологический пилинг PRX-T33. Длительность: 1ч	1ч	5000 ₽			Да	1	услуга	/price?service=aesthetic-cosmetology
Косметология эстетическая	Прокол ушей с серёжкой	aesthetic-cosmetology-39	Прокол ушей с серёжкой. Длительность: 20м	20м	3000 ₽			Да	1	услуга	/price?service=aesthetic-cosmetology
Косметология эстетическая	Шоколадная SPA-программа	aesthetic-cosmetology-40	Шоколадная SPA-программа. Длительность: 1ч 30м	1ч 30м	8000 ₽			Да	1	услуга	/price?service=aesthetic-cosmetology
Косметология эстетическая	Антицеллюлитная SPA-программа	aesthetic-cosmetology-41	Антицеллюлитная SPA-программа. Длительность: 1ч 30м	1ч 30м	8000 ₽			Да	1	услуга	/price?service=aesthetic-cosmetology
Косметология эстетическая	Скрабирование (пилинг тела)	aesthetic-cosmetology-42	Скрабирование (пилинг тела). Длительность: 1ч 30м	1ч 30м	8000 ₽			Да	1	услуга	/price?service=aesthetic-cosmetology
Косметология эстетическая	Термоодеяло (электроодеяло, как доп процедура)	aesthetic-cosmetology-43	Термоодеяло (электроодеяло, как доп процедура). Длительность: 1ч 30м	1ч 30м	2000 ₽			Да	1	услуга	/price?service=aesthetic-cosmetology
Косметология аппаратная	Ультразвуковой пилинг лица доп усл	hardware-cosmetology-44	Ультразвуковой пилинг лица доп усл. Длительность: 15м	15м	2500 ₽			Да	1	услуга	/price?service=hardware-cosmetology
Косметология аппаратная	Ультразвуковой пилинг лица (как полноценная процедура)	hardware-cosmetology-45	Ультразвуковой пилинг лица (как полноценная процедура). Длительность: 40м	40м	3500 ₽			Да	1	услуга	/price?service=hardware-cosmetology
Косметология аппаратная	Алмазная микродермабразия	hardware-cosmetology-46	Алмазная микродермабразия. Длительность: 20м	20м	3000 ₽			Да	1	услуга	/price?service=hardware-cosmetology
Косметология аппаратная	Алмазная микродермабразия	hardware-cosmetology-47	Алмазная микродермабразия. Длительность: 30м	30м	3500 ₽			Да	1	услуга	/price?service=hardware-cosmetology
Косметология аппаратная	Алмазная микродермабразия	hardware-cosmetology-48	Алмазная микродермабразия. Длительность: 40м	40м	4000 ₽			Да	1	услуга	/price?service=hardware-cosmetology
Косметология аппаратная	Микротоковая терапия	hardware-cosmetology-49	Микротоковая терапия. Длительность: 20м	20м	3000 ₽			Да	1	услуга	/price?service=hardware-cosmetology
Косметология аппаратная	Микротоковая терапия	hardware-cosmetology-50	Микротоковая терапия. Длительность: 30м	30м	3500 ₽			Да	1	услуга	/price?service=hardware-cosmetology
Косметология аппаратная	Микротоковая терапия	hardware-cosmetology-51	Микротоковая терапия. Длительность: 40м	40м	4000 ₽			Да	1	услуга	/price?service=hardware-cosmetology
Косметология аппаратная	Электропорация (безигольная неинвазивная мезотерапия)	hardware-cosmetology-52	Электропорация (безигольная неинвазивная мезотерапия). Длительность: 20м	20м	2500 ₽			Да	1	услуга	/price?service=hardware-cosmetology
Косметология аппаратная	Электропорация (безигольная неинвазивная мезотерапия)	hardware-cosmetology-53	Электропорация (безигольная неинвазивная мезотерапия). Длительность: 30м	30м	3000 ₽			Да	1	услуга	/price?service=hardware-cosmetology
Косметология аппаратная	Электропорация (безигольная неинвазивная мезотерапия)	hardware-cosmetology-54	Электропорация (безигольная неинвазивная мезотерапия). Длительность: 40м	40м	4000 ₽			Да	1	услуга	/price?service=hardware-cosmetology
Косметология аппаратная	Криотерапия (аппаратная не считается самостоятельной процедурой)	hardware-cosmetology-55	Криотерапия (аппаратная не считается самостоятельной процедурой). Длительность: 20м	20м	2000 ₽			Да	1	услуга	/price?service=hardware-cosmetology
Косметология аппаратная	Фотохромотерапия (Терапия инфракрасная)	hardware-cosmetology-56	Фотохромотерапия (Терапия инфракрасная). Длительность: 20м	20м	1000 ₽			Да	1	услуга	/price?service=hardware-cosmetology
Косметология аппаратная	Дарсонвализация	hardware-cosmetology-57	Дарсонвализация. Длительность: 20м	20м	1500 ₽			Да	1	услуга	/price?service=hardware-cosmetology
Косметология аппаратная	Дарсонвализация (как полноценная процедура)	hardware-cosmetology-58	Дарсонвализация (как полноценная процедура). Длительность: 40м	40м	3500 ₽			Да	1	услуга	/price?service=hardware-cosmetology
Косметология аппаратная	Фракционная мезотерапия (Насадка дермапен индивидуально под клиента)	hardware-cosmetology-59	Фракционная мезотерапия (Насадка дермапен индивидуально под клиента). Длительность: 1ч	1ч	1000 ₽			Да	1	услуга	/price?service=hardware-cosmetology
Косметология аппаратная	Стоимость препарата для фракционной мезотерапии	hardware-cosmetology-60	Стоимость препарата для фракционной мезотерапии. Длительность: 1ч	1ч	от 6500 ₽			Да	1	услуга	/price?service=hardware-cosmetology
Косметология аппаратная	Микророллеровая мезотерапия (Роллер индивидуально под клиента)	hardware-cosmetology-61	Микророллеровая мезотерапия (Роллер индивидуально под клиента). Длительность: 1ч	1ч	3000 ₽			Да	1	услуга	/price?service=hardware-cosmetology
Косметология аппаратная	Стоимость препарата для микророллеровой мезотерапии	hardware-cosmetology-62	Стоимость препарата для микророллеровой мезотерапии. Длительность: 1ч	1ч	от 6500 ₽			Да	1	услуга	/price?service=hardware-cosmetology
Парикмахерский зал	Стрижка челки	hairdressing-63	Стрижка челки. Длительность: 15м	15м	500 ₽			Да	1	услуга	/price?service=hairdressing
Парикмахерский зал	Женская стрижка	hairdressing-64	Женская стрижка. Длительность: 1ч	1ч	2500 ₽			Да	1	услуга	/price?service=hairdressing
Парикмахерский зал	Стрижка одним срезом	hairdressing-65	Стрижка одним срезом. Длительность: 15м	15м	1500 ₽			Да	1	услуга	/price?service=hairdressing
Парикмахерский зал	Осветление корней (до 5 см от корней)	hairdressing-66	Осветление корней (до 5 см от корней). Длительность: 1ч 30м	1ч 30м	3200 ₽			Да	1	услуга	/price?service=hairdressing
Парикмахерский зал	Декапирование короткие волосы	hairdressing-67	Декапирование короткие волосы. Длительность: 1ч	1ч	2000 ₽			Да	1	услуга	/price?service=hairdressing
Парикмахерский зал	Декапирование средние волосы	hairdressing-68	Декапирование средние волосы. Длительность: 1ч	1ч	2500 ₽			Да	1	услуга	/price?service=hairdressing
Парикмахерский зал	Декапирование длинные волосы	hairdressing-69	Декапирование длинные волосы. Длительность: 1ч	1ч	3000 ₽			Да	1	услуга	/price?service=hairdressing
Парикмахерский зал	Декапирование очень длинные волосы	hairdressing-70	Декапирование очень длинные волосы. Длительность: 1ч 30м	1ч 30м	3500 ₽			Да	1	услуга	/price?service=hairdressing
Парикмахерский зал	Окрашивание короткие или корни	hairdressing-71	Окрашивание короткие или корни. Длительность: 1ч 30м	1ч 30м	5000 ₽			Да	1	услуга	/price?service=hairdressing
Парикмахерский зал	Окрашивание средняя длина (до плеч)	hairdressing-72	Окрашивание средняя длина (до плеч). Длительность: 1ч 30м	1ч 30м	6000 ₽			Да	1	услуга	/price?service=hairdressing
Парикмахерский зал	Окрашивание длинные (до лопаток)	hairdressing-73	Окрашивание длинные (до лопаток). Длительность: 2ч	2ч	7000 ₽			Да	1	услуга	/price?service=hairdressing
Парикмахерский зал	Окрашивание очень длинные (до пояса)	hairdressing-74	Окрашивание очень длинные (до пояса). Длительность: 2ч	2ч	8000 ₽			Да	1	услуга	/price?service=hairdressing
Парикмахерский зал	Окрашивание за густоту волос	hairdressing-75	Окрашивание за густоту волос. Длительность: 5м	5м	500 ₽			Да	1	услуга	/price?service=hairdressing
Парикмахерский зал	Восстановление цвета средняя длина (до плеч)	hairdressing-76	Восстановление цвета средняя длина (до плеч). Длительность: 20м	20м	2500 ₽			Да	1	услуга	/price?service=hairdressing
Парикмахерский зал	Восстановление цвета длинные (до лопаток)	hairdressing-77	Восстановление цвета длинные (до лопаток). Длительность: 20м	20м	3000 ₽			Да	1	услуга	/price?service=hairdressing
Парикмахерский зал	Восстановление цвета очень длинные	hairdressing-78	Восстановление цвета очень длинные. Длительность: 20м	20м	3500 ₽			Да	1	услуга	/price?service=hairdressing
Парикмахерский зал	Айртач средние (до плеч)	hairdressing-79	Айртач средние (до плеч). Длительность: 4ч	4ч	13000 ₽			Да	1	услуга	/price?service=hairdressing
Парикмахерский зал	Айртач длинные (до лопаток)	hairdressing-80	Айртач длинные (до лопаток). Длительность: 4ч 30м	4ч 30м	15000 ₽			Да	1	услуга	/price?service=hairdressing
Парикмахерский зал	Айртач очень длинные (до пояса)	hairdressing-81	Айртач очень длинные (до пояса). Длительность: 5ч	5ч	20000 ₽			Да	1	услуга	/price?service=hairdressing
Парикмахерский зал	Контуринг/эффект выгоревших волос средние (до плеч)	hairdressing-82	Контуринг/эффект выгоревших волос средние (до плеч). Длительность: 2ч	2ч	4500 ₽			Да	1	услуга	/price?service=hairdressing
Парикмахерский зал	Контуринг/эффект выгоревших волос длинные (до лопаток)	hairdressing-83	Контуринг/эффект выгоревших волос длинные (до лопаток). Длительность: 3ч	3ч	5500 ₽			Да	1	услуга	/price?service=hairdressing
Парикмахерский зал	Контуринг/эффект выгоревших волос очень длинные (до пояса)	hairdressing-84	Контуринг/эффект выгоревших волос очень длинные (до пояса). Длительность: 2ч	2ч	6500 ₽			Да	1	услуга	/price?service=hairdressing
Парикмахерский зал	Сложное окрашивание/Балаяж/Шатуш/Мелирование (средние)	hairdressing-85	Сложное окрашивание/Балаяж/Шатуш/Мелирование (средние). Длительность: 3ч	3ч	9000 ₽			Да	1	услуга	/price?service=hairdressing
Парикмахерский зал	Сложное окрашивание/Балаяж/Шатуш/Мелирование (длинные)	hairdressing-86	Сложное окрашивание/Балаяж/Шатуш/Мелирование (длинные). Длительность: 4ч	4ч	10500 ₽			Да	1	услуга	/price?service=hairdressing
Парикмахерский зал	Сложное окрашивание/Балаяж/Шатуш/Мелирование (очень длинные)	hairdressing-87	Сложное окрашивание/Балаяж/Шатуш/Мелирование (очень длинные). Длительность: 5ч	5ч	13000 ₽			Да	1	услуга	/price?service=hairdressing
Парикмахерский зал	Кератиновое выпрямление/горячий ботокс короткие	hairdressing-88	Кератиновое выпрямление/горячий ботокс короткие. Длительность: 2ч 30м	2ч 30м	4000 ₽			Да	1	услуга	/price?service=hairdressing
Парикмахерский зал	Кератиновое выпрямление/горячий ботокс средние	hairdressing-89	Кератиновое выпрямление/горячий ботокс средние. Длительность: 3ч	3ч	6000 ₽			Да	1	услуга	/price?service=hairdressing
Парикмахерский зал	Кератиновое выпрямление/горячий ботокс длинные	hairdressing-90	Кератиновое выпрямление/горячий ботокс длинные. Длительность: 3ч 30м	3ч 30м	8000 ₽			Да	1	услуга	/price?service=hairdressing
Парикмахерский зал	Кератиновое выпрямление/горячий ботокс очень длинные	hairdressing-91	Кератиновое выпрямление/горячий ботокс очень длинные. Длительность: 4ч	4ч	10000 ₽			Да	1	услуга	/price?service=hairdressing
Парикмахерский зал	СПА-уход INSIGHT средние	hairdressing-92	СПА-уход INSIGHT средние. Длительность: 30м	30м	1500 ₽			Да	1	услуга	/price?service=hairdressing
Парикмахерский зал	СПА-уход INSIGHT длинные	hairdressing-93	СПА-уход INSIGHT длинные. Длительность: 30м	30м	2000 ₽			Да	1	услуга	/price?service=hairdressing
Парикмахерский зал	СПА-уход INSIGHT очень длинные	hairdressing-94	СПА-уход INSIGHT очень длинные. Длительность: 30м	30м	2500 ₽			Да	1	услуга	/price?service=hairdressing
Парикмахерский зал	СПА-уход ADRICOCO средние	hairdressing-95	СПА-уход ADRICOCO средние. Длительность: 30м	30м	1500 ₽			Да	1	услуга	/price?service=hairdressing
Парикмахерский зал	СПА-уход ADRICOCO длинные	hairdressing-96	СПА-уход ADRICOCO длинные. Длительность: 30м	30м	2000 ₽			Да	1	услуга	/price?service=hairdressing
Парикмахерский зал	СПА-уход ADRICOCO очень длинные	hairdressing-97	СПА-уход ADRICOCO очень длинные. Длительность: 30м	30м	2500 ₽			Да	1	услуга	/price?service=hairdressing
Парикмахерский зал	Повседневная укладка короткие	hairdressing-98	Повседневная укладка короткие. Длительность: 30м	30м	1000 ₽			Да	1	услуга	/price?service=hairdressing
Парикмахерский зал	Повседневная укладка средние	hairdressing-99	Повседневная укладка средние. Длительность: 30м	30м	1200 ₽			Да	1	услуга	/price?service=hairdressing
Парикмахерский зал	Повседневная укладка длинные	hairdressing-100	Повседневная укладка длинные. Длительность: 30м	30м	1500 ₽			Да	1	услуга	/price?service=hairdressing
Парикмахерский зал	Повседневная укладка очень длинные	hairdressing-101	Повседневная укладка очень длинные. Длительность: 30м	30м	2000 ₽			Да	1	услуга	/price?service=hairdressing
Парикмахерский зал	Повседневная укладка длинные густые	hairdressing-102	Повседневная укладка длинные густые. Длительность: 1ч	1ч	2500 ₽			Да	1	услуга	/price?service=hairdressing
Парикмахерский зал	Вечерняя укладка средние (на горячие инструменты)	hairdressing-103	Вечерняя укладка средние (на горячие инструменты). Длительность: 1ч	1ч	2000 ₽			Да	1	услуга	/price?service=hairdressing
Парикмахерский зал	Вечерняя укладка длинные (на горячие инструменты)	hairdressing-104	Вечерняя укладка длинные (на горячие инструменты). Длительность: 1ч	1ч	2500 ₽			Да	1	услуга	/price?service=hairdressing
Парикмахерский зал	Вечерняя укладка очень длинные (на горячие инструменты)	hairdressing-105	Вечерняя укладка очень длинные (на горячие инструменты). Длительность: 1ч	1ч	3500-4000 ₽			Да	1	услуга	/price?service=hairdressing
Парикмахерский зал	Вечерняя свадебная прическа	hairdressing-106	Вечерняя свадебная прическа. Длительность: 1ч 30м	1ч 30м	3000-5000 ₽			Да	1	услуга	/price?service=hairdressing
Парикмахерский зал	Плетение кос (одна коса)	hairdressing-107	Плетение кос (одна коса). Длительность: 30м	30м	1000 ₽			Да	1	услуга	/price?service=hairdressing
Парикмахерский зал	Плетение кос сложное	hairdressing-108	Плетение кос сложное. Длительность: 1ч	1ч	1500 ₽			Да	1	услуга	/price?service=hairdressing
Парикмахерский зал	Детская стрижка (до 7 лет)	hairdressing-109	Детская стрижка (до 7 лет). Длительность: 30м	30м	1000 ₽			Да	1	услуга	/price?service=hairdressing
Парикмахерский зал	Мужская классическая стрижка	hairdressing-110	Мужская классическая стрижка. Длительность: 30м	30м	1500 ₽			Да	1	услуга	/price?service=hairdressing
Парикмахерский зал	Мужской камуфляж седины	hairdressing-111	Мужской камуфляж седины. Длительность: 10м	10м	800 ₽			Да	1	услуга	/price?service=hairdressing
Парикмахерский зал	Мужской под насадку (от 2-х и более насадок)	hairdressing-112	Мужской под насадку (от 2-х и более насадок). Длительность: 30м	30м	1000 ₽			Да	1	услуга	/price?service=hairdressing
Парикмахерский зал	Мужская коррекция стрижки	hairdressing-113	Мужская коррекция стрижки. Длительность: 30м	30м	500 ₽			Да	1	услуга	/price?service=hairdressing
Парикмахерский зал	Мужской 1 пробор/1 рисунок	hairdressing-114	Мужской 1 пробор/1 рисунок. Длительность: 10м	10м	150 ₽			Да	1	услуга	/price?service=hairdressing
Парикмахерский зал	Стрижка бороды машинкой	hairdressing-115	Стрижка бороды машинкой. Длительность: 1ч	1ч	300 ₽			Да	1	услуга	/price?service=hairdressing
Парикмахерский зал	Оформление бороды	hairdressing-116	Оформление бороды. Длительность: 1ч	1ч	400 ₽			Да	1	услуга	/price?service=hairdressing
Парикмахерский зал	Полировка волос средние-длинные	hairdressing-117	Полировка волос средние-длинные. Длительность: 30м	30м	1500 ₽			Да	1	услуга	/price?service=hairdressing
Парикмахерский зал	Полировка волос очень длинные	hairdressing-118	Полировка волос очень длинные. Длительность: 30м	30м	1800 ₽			Да	1	услуга	/price?service=hairdressing
Ногтевой сервис	Маникюр женский комбинированный	nail-service-119	Маникюр женский комбинированный. Длительность: 40м	40м	1500 ₽			Да	1	услуга	/price?service=nail-service
Ногтевой сервис	Мужской маникюр комбинированный	nail-service-120	Мужской маникюр комбинированный. Длительность: 40м	40м	1700 ₽			Да	1	услуга	/price?service=nail-service
Ногтевой сервис	Маникюр комплекс экстра длина (снятие, маникюр, покрытие гель-лак)	nail-service-121	Маникюр комплекс экстра длина (снятие, маникюр, покрытие гель-лак). Длительность: 2ч 30м	2ч 30м	3000 ₽			Да	1	услуга	/price?service=nail-service
Ногтевой сервис	Маникюр комплекс (снятие, маникюр, покрытие гель-лак)	nail-service-122	Маникюр комплекс (снятие, маникюр, покрытие гель-лак). Длительность: 1ч 30м - 2ч	1ч 30м - 2ч	2800 ₽			Да	1	услуга	/price?service=nail-service
Ногтевой сервис	Маникюр с покрытием (маникюр, покрытие гель-лак без снятия)	nail-service-123	Маникюр с покрытием (маникюр, покрытие гель-лак без снятия). Длительность: 1ч 30м	1ч 30м	2500 ₽			Да	1	услуга	/price?service=nail-service
Ногтевой сервис	Маникюр со снятием (без покрытия)	nail-service-124	Маникюр со снятием (без покрытия). Длительность: 1ч - 1ч 30м	1ч - 1ч 30м	1800 ₽			Да	1	услуга	/price?service=nail-service
Ногтевой сервис	Экспресс женский педикюр (пальчики, гигиена)	nail-service-125	Экспресс женский педикюр (пальчики, гигиена). Длительность: 1ч	1ч	1600 ₽			Да	1	услуга	/price?service=nail-service
Ногтевой сервис	Педикюр женский только пятка	nail-service-126	Педикюр женский только пятка. Длительность: 30м	30м	800 ₽			Да	1	услуга	/price?service=nail-service
Ногтевой сервис	Мужской смарт-педикюр	nail-service-127	Мужской смарт-педикюр. Длительность: 1ч - 1ч 30м	1ч - 1ч 30м	2500 ₽			Да	1	услуга	/price?service=nail-service
Ногтевой сервис	Мужской педикюр только пальцы	nail-service-128	Мужской педикюр только пальцы. Длительность: 1ч	1ч	1800 ₽			Да	1	услуга	/price?service=nail-service
Ногтевой сервис	Мужской педикюр только пятка	nail-service-129	Мужской педикюр только пятка. Длительность: 30м	30м	900 ₽			Да	1	услуга	/price?service=nail-service
Ногтевой сервис	Мужской педикюр комбинированный	nail-service-130	Мужской педикюр комбинированный. Длительность: 1ч - 1ч 30м	1ч - 1ч 30м	2000 ₽			Да	1	услуга	/price?service=nail-service
Ногтевой сервис	Смарт педикюр (гигиена)	nail-service-131	Смарт педикюр (гигиена). Длительность: 1ч	1ч	2000 ₽			Да	1	услуга	/price?service=nail-service
Ногтевой сервис	Смарт педикюр комплекс (снятие, педикюр, покрытие гель-лак)	nail-service-132	Смарт педикюр комплекс (снятие, педикюр, покрытие гель-лак). Длительность: 1ч 30м - 2ч	1ч 30м - 2ч	3400 ₽			Да	1	услуга	/price?service=nail-service
Ногтевой сервис	Смарт педикюр с покрытием (покрытие гель-лак, без снятия)	nail-service-133	Смарт педикюр с покрытием (покрытие гель-лак, без снятия). Длительность: 1ч 30м	1ч 30м	3100 ₽			Да	1	услуга	/price?service=nail-service
Ногтевой сервис	Смарт педикюр со снятием (без покрытия)	nail-service-134	Смарт педикюр со снятием (без покрытия). Длительность: 1ч 30м	1ч 30м	2300 ₽			Да	1	услуга	/price?service=nail-service
Ногтевой сервис	Экспресс педикюр комплекс (пальчики, снятие, педикюр, покрытие гель-лак)	nail-service-135	Экспресс педикюр комплекс (пальчики, снятие, педикюр, покрытие гель-лак). Длительность: 1ч 30м	1ч 30м	2400 ₽			Да	1	услуга	/price?service=nail-service
Ногтевой сервис	Экспресс педикюр с покрытием (пальчики, покрытие гель-лак без снятия)	nail-service-136	Экспресс педикюр с покрытием (пальчики, покрытие гель-лак без снятия). Длительность: 1ч - 1ч 30м	1ч - 1ч 30м	2100 ₽			Да	1	услуга	/price?service=nail-service
Ногтевой сервис	Экспресс педикюр со снятием (пальчики)	nail-service-137	Экспресс педикюр со снятием (пальчики). Длительность: 1ч - 1ч 30м	1ч - 1ч 30м	1700 ₽			Да	1	услуга	/price?service=nail-service
Ногтевой сервис	Покрытие гель-лаком	nail-service-138	Покрытие гель-лаком. Длительность: 20м	20м	1100 ₽			Да	1	услуга	/price?service=nail-service
Ногтевой сервис	Омбре	nail-service-139	Омбре. Длительность: 15м	15м	500 ₽			Да	1	услуга	/price?service=nail-service
Ногтевой сервис	Светоотражающий	nail-service-140	Светоотражающий. Длительность: 15м	15м	500 ₽			Да	1	услуга	/price?service=nail-service
Ногтевой сервис	Лунный	nail-service-141	Лунный. Длительность: 15м	15м	500 ₽			Да	1	услуга	/price?service=nail-service
Ногтевой сервис	Лаком	nail-service-142	Лаком. Длительность: 10м	10м	450 ₽			Да	1	услуга	/price?service=nail-service
Ногтевой сервис	Френч	nail-service-143	Френч. Длительность: 30м	30м	500 ₽			Да	1	услуга	/price?service=nail-service
Ногтевой сервис	Лечебное покрытие (лак кератин)	nail-service-144	Лечебное покрытие (лак кератин). Длительность: 10м	10м	650 ₽			Да	1	услуга	/price?service=nail-service
Ногтевой сервис	Покрытие гелем	nail-service-145	Покрытие гелем. Длительность: 1ч	1ч	1000 ₽			Да	1	услуга	/price?service=nail-service
Ногтевой сервис	Укрепление акриловой пудрой 1 ноготь	nail-service-146	Укрепление акриловой пудрой 1 ноготь. Длительность: 20м	20м	40 ₽			Да	1	услуга	/price?service=nail-service
Ногтевой сервис	Укрепление акриловой пудрой 10 ногтей	nail-service-147	Укрепление акриловой пудрой 10 ногтей. Длительность: 1ч	1ч	400 ₽			Да	1	услуга	/price?service=nail-service
Ногтевой сервис	Укрепление гелем 1 ноготь	nail-service-148	Укрепление гелем 1 ноготь. Длительность: 30м	30м	50 ₽			Да	1	услуга	/price?service=nail-service
Ногтевой сервис	Укрепление гелем 10 ногтей	nail-service-149	Укрепление гелем 10 ногтей. Длительность: 1ч	1ч	500 ₽			Да	1	услуга	/price?service=nail-service
Ногтевой сервис	Укрепление акрилгелем 1 ноготь (на половину длины)	nail-service-150	Укрепление акрилгелем 1 ноготь (на половину длины). Длительность: 30м	30м	70 ₽			Да	1	услуга	/price?service=nail-service
Ногтевой сервис	Укрепление акрилгелем 10 ногтей (на половину длины)	nail-service-151	Укрепление акрилгелем 10 ногтей (на половину длины). Длительность: 1ч	1ч	700 ₽			Да	1	услуга	/price?service=nail-service
Ногтевой сервис	Укрепление акрилгелем 1 ноготь (на всю длину)	nail-service-152	Укрепление акрилгелем 1 ноготь (на всю длину). Длительность: 30м	30м	100 ₽			Да	1	услуга	/price?service=nail-service
Ногтевой сервис	Укрепление акрилгелем 10 ногтей (на всю длину)	nail-service-153	Укрепление акрилгелем 10 ногтей (на всю длину). Длительность: 1ч	1ч	1000 ₽			Да	1	услуга	/price?service=nail-service
Ногтевой сервис	Простой дизайн (1 ноготь)	nail-service-154	Простой дизайн (1 ноготь). Длительность: от 10м	от 10м	70 ₽			Да	1	услуга	/price?service=nail-service
Ногтевой сервис	Стразы (1 шт.)	nail-service-155	Стразы (1 шт.). Длительность: от 10м	от 10м	30 ₽			Да	1	услуга	/price?service=nail-service
Ногтевой сервис	Слайдер (наклейки, термонаклейки, фольга)	nail-service-156	Слайдер (наклейки, термонаклейки, фольга). Длительность: от 10м	от 10м	70 ₽			Да	1	услуга	/price?service=nail-service
Ногтевой сервис	Блестки	nail-service-157	Блестки. Длительность: от 10м	от 10м	70 ₽			Да	1	услуга	/price?service=nail-service
Ногтевой сервис	Конфетти 1 шт	nail-service-158	Конфетти 1 шт. Длительность: от 10м	от 10м	70 ₽			Да	1	услуга	/price?service=nail-service
Ногтевой сервис	Втирка	nail-service-159	Втирка. Длительность: от 10м	от 10м	70 ₽			Да	1	услуга	/price?service=nail-service
Ногтевой сервис	Художественная роспись	nail-service-160	Художественная роспись. Длительность: 1ч	1ч	250-500 ₽			Да	1	услуга	/price?service=nail-service
Ногтевой сервис	SPA-уход за руками 'Холодный парафин'	nail-service-161	SPA-уход за руками 'Холодный парафин'. Длительность: 30м	30м	500 ₽			Да	1	услуга	/price?service=nail-service
Ногтевой сервис	SPA-уход за руками 'Горячий парафин'	nail-service-162	SPA-уход за руками 'Горячий парафин'. Длительность: 30м	30м	500 ₽			Да	1	услуга	/price?service=nail-service
Ногтевой сервис	Наращивание экстра длина 1 ноготь (снятие, маникюр, покрытие, выравнивание)	nail-service-163	Наращивание экстра длина 1 ноготь (снятие, маникюр, покрытие, выравнивание). Длительность: 30м	30м	600 ₽			Да	1	услуга	/price?service=nail-service
Ногтевой сервис	Наращивание 1 ноготь (снятие, маникюр, покрытие, выравнивание)	nail-service-164	Наращивание 1 ноготь (снятие, маникюр, покрытие, выравнивание). Длительность: 30м	30м	550 ₽			Да	1	услуга	/price?service=nail-service
Ногтевой сервис	Наращивание 10 ногтей (снятие, маникюр, покрытие, выравнивание)	nail-service-165	Наращивание 10 ногтей (снятие, маникюр, покрытие, выравнивание). Длительность: 3ч	3ч	5500 ₽			Да	1	услуга	/price?service=nail-service
Ногтевой сервис	Наращивание экстра длина (снятие, маникюр, покрытие, выравнивание)	nail-service-166	Наращивание экстра длина (снятие, маникюр, покрытие, выравнивание). Длительность: 3ч 30м	3ч 30м	6000 ₽			Да	1	услуга	/price?service=nail-service
Ногтевой сервис	Коррекция нарощенных ногтей, длина стандарт (снятие, маникюр, покрытие, выравнивание)	nail-service-167	Коррекция нарощенных ногтей, длина стандарт (снятие, маникюр, покрытие, выравнивание). Длительность: 2ч	2ч	4300 ₽			Да	1	услуга	/price?service=nail-service
Ногтевой сервис	Коррекция нарощенных ногтей, экстра длина (снятие, маникюр, покрытие, выравнивание)	nail-service-168	Коррекция нарощенных ногтей, экстра длина (снятие, маникюр, покрытие, выравнивание). Длительность: 2ч	2ч	5000 ₽			Да	1	услуга	/price?service=nail-service
Ногтевой сервис	Ремонт одного ногтя (не нарощенного)	nail-service-169	Ремонт одного ногтя (не нарощенного). Длительность: 10м	10м	300 ₽			Да	1	услуга	/price?service=nail-service
Ногтевой сервис	Снятие лака	nail-service-170	Снятие лака. Длительность: 20м	20м	100 ₽			Да	1	услуга	/price?service=nail-service
Ногтевой сервис	Снятие шеллака с опилом формой	nail-service-171	Снятие шеллака с опилом формой. Длительность: 30м	30м	500 ₽			Да	1	услуга	/price?service=nail-service
Макияж	Коктейльный макияж	makeup-172	Коктейльный макияж. Длительность: 1ч 30м	1ч 30м	4000 ₽			Да	1	услуга	/price?service=makeup
Макияж	Вечерний макияж	makeup-173	Вечерний макияж. Длительность: 2ч	2ч	5000 ₽			Да	1	услуга	/price?service=makeup
Макияж	Демакияж со смывкой лица	makeup-174	Демакияж со смывкой лица. Длительность: 10м	10м	250 ₽			Да	1	услуга	/price?service=makeup
Солярий	Солярий вертикальный 1 минута (шапка + коврик + стикини)	solarium-175	Солярий вертикальный 1 минута (шапка + коврик + стикини). Длительность: 1м	1м	45 ₽			Да	1	услуга	/price?service=solarium
Солярий	Пакет аксессуаров для загара в солярии (шапка-шарлотка, коврик одноразовый, стикеры)	solarium-176	Пакет аксессуаров для загара в солярии (шапка-шарлотка, коврик одноразовый, стикеры). Длительность: 30м	30м	100 ₽			Да	1	услуга	/price?service=solarium
Татуаж	Перманентный татуаж бровей (пудровое напыление)	tattoo-177	Перманентный татуаж бровей (пудровое напыление). Длительность: 1ч 30м	1ч 30м	15000 ₽			Да	1	услуга	/price?service=tattoo
Татуаж	Перманентный татуаж веки, межресничное заполнение	tattoo-178	Перманентный татуаж веки, межресничное заполнение. Длительность: 1ч 30м	1ч 30м	15000 ₽			Да	1	услуга	/price?service=tattoo
Татуаж	Перманентный татуаж веки стрелки	tattoo-179	Перманентный татуаж веки стрелки. Длительность: 1ч 30м	1ч 30м	15000 ₽			Да	1	услуга	/price?service=tattoo
Татуаж	Перманентный татуаж губы полное заполнение (окрашивание)	tattoo-180	Перманентный татуаж губы полное заполнение (окрашивание). Длительность: 1ч 30м	1ч 30м	18000 ₽			Да	1	услуга	/price?service=tattoo
Татуаж	Перманентный татуаж губы, контур	tattoo-181	Перманентный татуаж губы, контур. Длительность: 1ч 30м	1ч 30м	15000 ₽			Да	1	услуга	/price?service=tattoo
Татуаж	Микроблейдинг бровей	tattoo-182	Микроблейдинг бровей. Длительность: 1ч 30м	1ч 30м	15000 ₽			Да	1	услуга	/price?service=tattoo
Массаж	Комбинированный массаж лица	massage-183	Комбинированный массаж лица. Длительность: 1ч	1ч	3500 ₽			Да	1	услуга	/price?service=massage
Массаж	БМС – биомеханическая стимуляция лица на маске	massage-184	БМС – биомеханическая стимуляция лица на маске. Длительность: 1ч	1ч	4000 ₽			Да	1	услуга	/price?service=massage
Массаж	Массаж лица по Жаке	massage-185	Массаж лица по Жаке. Длительность: 1ч	1ч	1500 ₽			Да	1	услуга	/price?service=massage
Массаж	Классический массаж тела	massage-186	Классический массаж тела. Длительность: 1ч	1ч	3000 ₽			Да	1	услуга	/price?service=massage
Массаж	Релаксирующий массаж тела	massage-187	Релаксирующий массаж тела. Длительность: 1ч	1ч	3000 ₽			Да	1	услуга	/price?service=massage
Массаж	Антицеллюлитный массаж	massage-188	Антицеллюлитный массаж. Длительность: 1ч	1ч	3800 ₽			Да	1	услуга	/price?service=massage
Массаж	Лимфодренажный массаж тела	massage-189	Лимфодренажный массаж тела. Длительность: 1ч	1ч	3800 ₽			Да	1	услуга	/price?service=massage
Массаж	Спина + ШВЗ	massage-190	Спина + ШВЗ. Длительность: 1ч	1ч	2000 ₽			Да	1	услуга	/price?service=massage
Массаж	Массаж спины	massage-191	Массаж спины. Длительность: 1ч	1ч	300 ₽			Да	1	услуга	/price?service=massage
Массаж	ШВЗ	massage-192	ШВЗ. Длительность: 1ч	1ч	3500 ₽			Да	1	услуга	/price?service=massage
Массаж	Баночный массаж тела	massage-193	Баночный массаж тела. Длительность: 1ч	1ч	3500 ₽			Да	1	услуга	/price?service=massage
Массаж	Миофасциальный триггерный массаж тела	massage-194	Миофасциальный триггерный массаж тела. Длительность: 1ч	1ч	3800 ₽			Да	1	услуга	/price?service=massage
Массаж	Спортивный массаж	massage-195	Спортивный массаж. Длительность: 1ч	1ч	2500 ₽			Да	1	услуга	/price?service=massage
Массаж	Глубокотканный массаж	massage-196	Глубокотканный массаж. Длительность: 1ч	1ч	3800 ₽			Да	1	услуга	/price?service=massage
Брови и ресницы	Архитектура бровей	eyebrows-lashes-197	Архитектура бровей. Длительность: 40м	40м	1000 ₽			Да	1	услуга	/price?service=eyebrows-lashes
Брови и ресницы	Коррекция бровей	eyebrows-lashes-198	Коррекция бровей. Длительность: 30м	30м	800 ₽			Да	1	услуга	/price?service=eyebrows-lashes
Брови и ресницы	Коррекция бровей воском	eyebrows-lashes-199	Коррекция бровей воском. Длительность: 30м	30м	800 ₽			Да	1	услуга	/price?service=eyebrows-lashes
Брови и ресницы	Тридинг бровей	eyebrows-lashes-200	Тридинг бровей. Длительность: 1ч 30м	1ч 30м	800 ₽			Да	1	услуга	/price?service=eyebrows-lashes
Брови и ресницы	Коррекция бровей воском + SPA бровей + окрашивание хной	eyebrows-lashes-201	Коррекция бровей воском + SPA бровей + окрашивание хной. Длительность: 1ч	1ч	1550 ₽			Да	1	услуга	/price?service=eyebrows-lashes
Брови и ресницы	Коррекция бровей пинцетом + окрашивание краской	eyebrows-lashes-202	Коррекция бровей пинцетом + окрашивание краской. Длительность: 1ч	1ч	1500 ₽			Да	1	услуга	/price?service=eyebrows-lashes
Брови и ресницы	Окрашивание бровей краской	eyebrows-lashes-203	Окрашивание бровей краской. Длительность: 1ч	1ч	800 ₽			Да	1	услуга	/price?service=eyebrows-lashes
Брови и ресницы	Окрашивание бровей хной (татуаж бровей)	eyebrows-lashes-204	Окрашивание бровей хной (татуаж бровей). Длительность: 1ч	1ч	900 ₽			Да	1	услуга	/price?service=eyebrows-lashes
Брови и ресницы	Окрашивание ресниц краской	eyebrows-lashes-205	Окрашивание ресниц краской. Длительность: 1ч	1ч	800 ₽			Да	1	услуга	/price?service=eyebrows-lashes
Брови и ресницы	Окрашивание ресниц хной	eyebrows-lashes-206	Окрашивание ресниц хной. Длительность: 30м	30м	950 ₽			Да	1	услуга	/price?service=eyebrows-lashes
Брови и ресницы	Ламинирование бровей + ресниц (комплекс)	eyebrows-lashes-207	Ламинирование бровей + ресниц (комплекс). Длительность: 1ч 30м	1ч 30м	5000 ₽			Да	1	услуга	/price?service=eyebrows-lashes
Брови и ресницы	Ламинирование бровей	eyebrows-lashes-208	Ламинирование бровей. Длительность: 1ч	1ч	3000 ₽			Да	1	услуга	/price?service=eyebrows-lashes
Брови и ресницы	Ламинирование ресниц	eyebrows-lashes-209	Ламинирование ресниц. Длительность: 1ч	1ч	3000 ₽			Да	1	услуга	/price?service=eyebrows-lashes
Брови и ресницы	Наращивание ресниц, поресничное 1D	eyebrows-lashes-210	Наращивание ресниц, поресничное 1D. Длительность: от 1ч	от 1ч	2500 ₽			Да	1	услуга	/price?service=eyebrows-lashes
Брови и ресницы	Наращивание ресниц, поресничное 2D	eyebrows-lashes-211	Наращивание ресниц, поресничное 2D. Длительность: от 2ч	от 2ч	3300 ₽			Да	1	услуга	/price?service=eyebrows-lashes
Брови и ресницы	Наращивание ресниц, поресничное 3D	eyebrows-lashes-212	Наращивание ресниц, поресничное 3D. Длительность: от 3ч	от 3ч	3800 ₽			Да	1	услуга	/price?service=eyebrows-lashes
Брови и ресницы	Наращивание ресниц, поресничное 4D	eyebrows-lashes-213	Наращивание ресниц, поресничное 4D. Длительность: от 4ч	от 4ч	4800 ₽			Да	1	услуга	/price?service=eyebrows-lashes
Брови и ресницы	Снятие нарощенных ресниц (чужая работа)	eyebrows-lashes-214	Снятие нарощенных ресниц (чужая работа). Длительность: 20м	20м	800 ₽			Да	1	услуга	/price?service=eyebrows-lashes
Брови и ресницы	Наращивание ресниц поресничные: уголки	eyebrows-lashes-215	Наращивание ресниц поресничные: уголки. Длительность: 1ч	1ч	2000 ₽			Да	1	услуга	/price?service=eyebrows-lashes
Брови и ресницы	Наращивание ресниц пучков: уголки 10 м	eyebrows-lashes-216	Наращивание ресниц пучков: уголки 10 м. Длительность: 1ч	1ч	1500 ₽			Да	1	услуга	/price?service=eyebrows-lashes
Брови и ресницы	Наращивание ресниц пучковое: полный объём 15 м	eyebrows-lashes-217	Наращивание ресниц пучковое: полный объём 15 м. Длительность: 1ч	1ч	2000 ₽			Да	1	услуга	/price?service=eyebrows-lashes
Брови и ресницы	Наращивание ресниц пучков: классика 20 м	eyebrows-lashes-218	Наращивание ресниц пучков: классика 20 м. Длительность: 1ч	1ч	1800 ₽			Да	1	услуга	/price?service=eyebrows-lashes
Брови и ресницы	Экспресс-уход за ресницами	eyebrows-lashes-219	Экспресс-уход за ресницами. Длительность: 1ч	1ч	800 ₽			Да	1	услуга	/price?service=eyebrows-lashes
Брови и ресницы	SPA для бровей	eyebrows-lashes-220	SPA для бровей. Длительность: 1ч	1ч	500 ₽			Да	1	услуга	/price?service=eyebrows-lashes
Брови и ресницы	Тридинг лицо полностью (кроме бровей)	eyebrows-lashes-221	Тридинг лицо полностью (кроме бровей). Длительность: 1ч	1ч	2000 ₽			Да	1	услуга	/price?service=eyebrows-lashes
Брови и ресницы	Коррекция бровей (для мужчин)	eyebrows-lashes-222	Коррекция бровей (для мужчин). Длительность: 30м	30м	1100 ₽			Да	1	услуга	/price?service=eyebrows-lashes
Эпиляция	Биоэпиляция воском (Ноги полностью)	epilation-223	Биоэпиляция воском (Ноги полностью). Длительность: 40м	40м	3400 ₽			Да	1	услуга	/price?service=epilation
Эпиляция	Биоэпиляция воском (Голень)	epilation-224	Биоэпиляция воском (Голень). Длительность: 20м	20м	2100 ₽			Да	1	услуга	/price?service=epilation
Эпиляция	Биоэпиляция воском (Бедра)	epilation-225	Биоэпиляция воском (Бедра). Длительность: 30м	30м	2100 ₽			Да	1	услуга	/price?service=epilation
Эпиляция	Биоэпиляция воском (Зона подмышек)	epilation-226	Биоэпиляция воском (Зона подмышек). Длительность: 15м	15м	1000 ₽			Да	1	услуга	/price?service=epilation
Эпиляция	Биоэпиляция воском (Руки полностью)	epilation-227	Биоэпиляция воском (Руки полностью). Длительность: 20м	20м	2100 ₽			Да	1	услуга	/price?service=epilation
Эпиляция	Биоэпиляция воском (Руки до локтя)	epilation-228	Биоэпиляция воском (Руки до локтя). Длительность: 15м	15м	1400 ₽			Да	1	услуга	/price?service=epilation
Эпиляция	Биоэпиляция воском (Бикини классическое)	epilation-229	Биоэпиляция воском (Бикини классическое). Длительность: 30м	30м	2000 ₽			Да	1	услуга	/price?service=epilation
Эпиляция	Биоэпиляция воском (Бикини глубокое)	epilation-230	Биоэпиляция воском (Бикини глубокое). Длительность: 1ч	1ч	2500 ₽			Да	1	услуга	/price?service=epilation
Эпиляция	Биоэпиляция воском (Спина полностью)	epilation-231	Биоэпиляция воском (Спина полностью). Длительность: 1ч	1ч	3000 ₽			Да	1	услуга	/price?service=epilation
Эпиляция	Биоэпиляция воском (Половина спины)	epilation-232	Биоэпиляция воском (Половина спины). Длительность: 30м	30м	1500 ₽			Да	1	услуга	/price?service=epilation
Эпиляция	Биоэпиляция воском (Живот полностью)	epilation-233	Биоэпиляция воском (Живот полностью). Длительность: 30м	30м	2000 ₽			Да	1	услуга	/price?service=epilation
Эпиляция	Биоэпиляция воском (Половина живота)	epilation-234	Биоэпиляция воском (Половина живота). Длительность: 15м	15м	1400 ₽			Да	1	услуга	/price?service=epilation
Эпиляция	Биоэпиляция воском (Верхняя губа)	epilation-235	Биоэпиляция воском (Верхняя губа). Длительность: 15м	15м	600 ₽			Да	1	услуга	/price?service=epilation
Эпиляция	Биоэпиляция воском (Одна зона на лице)	epilation-236	Биоэпиляция воском (Одна зона на лице). Длительность: 15м	15м	600 ₽			Да	1	услуга	/price?service=epilation
Эпиляция	Биоэпиляция воском (Лицо полностью)	epilation-237	Биоэпиляция воском (Лицо полностью). Длительность: 30м	30м	2000 ₽			Да	1	услуга	/price?service=epilation
Эпиляция	Биоэпиляция воском (Декольте)	epilation-238	Биоэпиляция воском (Декольте). Длительность: 30м	30м	1800 ₽			Да	1	услуга	/price?service=epilation
Эпиляция	Биоэпиляция воском (10 пальцев)	epilation-239	Биоэпиляция воском (10 пальцев). Длительность: 10м	10м	600 ₽			Да	1	услуга	/price?service=epilation
Эпиляция	Комби-easy 2 зон (глубокое бикини, подмышки)	epilation-240	Комби-easy 2 зон (глубокое бикини, подмышки). Длительность: 20м - 30м	20м - 30м	3500 ₽			Да	1	услуга	/price?service=epilation
Эпиляция	Комби-hard 2 зон (ноги полностью, глубокое бикини)	epilation-241	Комби-hard 2 зон (ноги полностью, глубокое бикини). Длительность: 30м - 45м	30м - 45м	4500 ₽			Да	1	услуга	/price?service=epilation
Эпиляция	Комби-easy 3 зон (лицо полностью, подмышки, руки до локтя)	epilation-242	Комби-easy 3 зон (лицо полностью, подмышки, руки до локтя). Длительность: 45м	45м	4500 ₽			Да	1	услуга	/price?service=epilation
Эпиляция	Комби-hard 3 зон (подмышки, руки до локтя, ноги до колен)	epilation-243	Комби-hard 3 зон (подмышки, руки до локтя, ноги до колен). Длительность: 45м	45м	5000 ₽			Да	1	услуга	/price?service=epilation
Эпиляция	Комби 5 зон (ноги полностью, 1 зона на лице, подмышки, глубокое бикини, белая линия живота)	epilation-244	Комби 5 зон (ноги полностью, 1 зона на лице, подмышки, глубокое бикини, белая линия живота). Длительность: 1ч 10м	1ч 10м	6500 ₽			Да	1	услуга	/price?service=epilation
Эпиляция	Комби 8 зон (ноги полностью, руки полностью, 1 зона на лице, подмышки, глубокое бикини, живот полностью, ягодицы, спина полностью)	epilation-245	Комби 8 зон (ноги полностью, руки полностью, 1 зона на лице, подмышки, глубокое бикини, живот полностью, ягодицы, спина полностью). Длительность: 15м	15м	8000 ₽			Да	1	услуга	/price?service=epilation
Эпиляция	Лазерная эпиляция Подбородок (1 сеанс) женская	epilation-246	Лазерная эпиляция Подбородок (1 сеанс) женская. Длительность: 15м	15м	800 ₽			Да	1	услуга	/price?service=epilation
Эпиляция	Лазерная эпиляция Межбровье (1 сеанс) женская	epilation-247	Лазерная эпиляция Межбровье (1 сеанс) женская. Длительность: 15м	15м	800 ₽			Да	1	услуга	/price?service=epilation
Эпиляция	Лазерная эпиляция Щёки (1 сеанс) женская	epilation-248	Лазерная эпиляция Щёки (1 сеанс) женская. Длительность: 15м	15м	1000 ₽			Да	1	услуга	/price?service=epilation
Эпиляция	Лазерная эпиляция Виски (1 сеанс) женская	epilation-249	Лазерная эпиляция Виски (1 сеанс) женская. Длительность: 15м	15м	1000 ₽			Да	1	услуга	/price?service=epilation
Эпиляция	Лазерная эпиляция Шея передняя поверхность (1 сеанс) женская	epilation-250	Лазерная эпиляция Шея передняя поверхность (1 сеанс) женская. Длительность: 15м	15м	1300 ₽			Да	1	услуга	/price?service=epilation
Эпиляция	Лазерная эпиляция Шея задняя поверхность (1 сеанс) женская	epilation-251	Лазерная эпиляция Шея задняя поверхность (1 сеанс) женская. Длительность: 15м	15м	1300 ₽			Да	1	услуга	/price?service=epilation
Эпиляция	Лазерная эпиляция Нос (1 сеанс) женская	epilation-252	Лазерная эпиляция Нос (1 сеанс) женская. Длительность: 10м	10м	600 ₽			Да	1	услуга	/price?service=epilation
Эпиляция	Лазерная эпиляция Лоб (1 сеанс) женская	epilation-253	Лазерная эпиляция Лоб (1 сеанс) женская. Длительность: 15м	15м	1000 ₽			Да	1	услуга	/price?service=epilation
Эпиляция	Лазерная эпиляция 10 Пальцев (1 сеанс) женская	epilation-254	Лазерная эпиляция 10 Пальцев (1 сеанс) женская. Длительность: 15м	15м	800 ₽			Да	1	услуга	/price?service=epilation
Эпиляция	Лазерная эпиляция Декольте (1 сеанс) женская	epilation-255	Лазерная эпиляция Декольте (1 сеанс) женская. Длительность: 20м	20м	2500 ₽			Да	1	услуга	/price?service=epilation
Эпиляция	Лазерная эпиляция Грудь (1 сеанс) женская	epilation-256	Лазерная эпиляция Грудь (1 сеанс) женская. Длительность: 20м	20м	2000 ₽			Да	1	услуга	/price?service=epilation
Эпиляция	Лазерная эпиляция Ореолы (1 сеанс) женская	epilation-257	Лазерная эпиляция Ореолы (1 сеанс) женская. Длительность: 10м	10м	1500 ₽			Да	1	услуга	/price?service=epilation
Эпиляция	Лазерная эпиляция Подмышечные впадины (1 сеанс) женская	epilation-258	Лазерная эпиляция Подмышечные впадины (1 сеанс) женская. Длительность: 15м	15м	1600 ₽			Да	1	услуга	/price?service=epilation
Эпиляция	Лазерная эпиляция Живот полностью (1 сеанс) женская	epilation-259	Лазерная эпиляция Живот полностью (1 сеанс) женская. Длительность: 20м	20м	3000 ₽			Да	1	услуга	/price?service=epilation
Эпиляция	Лазерная эпиляция Белая линия живота (1 сеанс) женская	epilation-260	Лазерная эпиляция Белая линия живота (1 сеанс) женская. Длительность: 15м	15м	1600 ₽			Да	1	услуга	/price?service=epilation
Эпиляция	Лазерная эпиляция Спина нижняя треть/крестец (1 сеанс) женская	epilation-261	Лазерная эпиляция Спина нижняя треть/крестец (1 сеанс) женская. Длительность: 20м	20м	5000 ₽			Да	1	услуга	/price?service=epilation
Эпиляция	Лазерная эпиляция Глубокое бикини (1 сеанс) женская	epilation-262	Лазерная эпиляция Глубокое бикини (1 сеанс) женская. Длительность: 40м	40м	3000 ₽			Да	1	услуга	/price?service=epilation
Эпиляция	Лазерная эпиляция Бикини классика (1 сеанс) женская	epilation-263	Лазерная эпиляция Бикини классика (1 сеанс) женская. Длительность: 20м	20м	2500 ₽			Да	1	услуга	/price?service=epilation
Эпиляция	Лазерная эпиляция Бёдра полностью (1 сеанс) женская	epilation-264	Лазерная эпиляция Бёдра полностью (1 сеанс) женская. Длительность: 30м	30м	3000 ₽			Да	1	услуга	/price?service=epilation
Эпиляция	Лазерная эпиляция Внутренняя часть бёдер (1 сеанс) женская	epilation-265	Лазерная эпиляция Внутренняя часть бёдер (1 сеанс) женская. Длительность: 15м	15м	2500 ₽			Да	1	услуга	/price?service=epilation
Эпиляция	Лазерная эпиляция Передняя часть бёдер (1 сеанс) женская	epilation-266	Лазерная эпиляция Передняя часть бёдер (1 сеанс) женская. Длительность: 15м	15м	2500 ₽			Да	1	услуга	/price?service=epilation
Эпиляция	Лазерная эпиляция Задняя часть бёдер (1 сеанс) женская	epilation-267	Лазерная эпиляция Задняя часть бёдер (1 сеанс) женская. Длительность: 15м	15м	2500 ₽			Да	1	услуга	/price?service=epilation
Эпиляция	Лазерная эпиляция Ягодицы (1 сеанс) женская	epilation-268	Лазерная эпиляция Ягодицы (1 сеанс) женская. Длительность: 15м	15м	3000 ₽			Да	1	услуга	/price?service=epilation
Эпиляция	Лазерная эпиляция Межъягодичная зона (1 сеанс) женская	epilation-269	Лазерная эпиляция Межъягодичная зона (1 сеанс) женская. Длительность: 15м	15м	2000 ₽			Да	1	услуга	/price?service=epilation
Эпиляция	Лазерная эпиляция Плечи (1 сеанс) женская	epilation-270	Лазерная эпиляция Плечи (1 сеанс) женская. Длительность: 15м	15м	2800 ₽			Да	1	услуга	/price?service=epilation
Эпиляция	Лазерная эпиляция Руки до локтя (1 сеанс) женская	epilation-271	Лазерная эпиляция Руки до локтя (1 сеанс) женская. Длительность: 15м	15м	2000 ₽			Да	1	услуга	/price?service=epilation
Эпиляция	Лазерная эпиляция Руки полностью (1 сеанс) женская	epilation-272	Лазерная эпиляция Руки полностью (1 сеанс) женская. Длительность: 15м	15м	4000 ₽			Да	1	услуга	/price?service=epilation
Эпиляция	Лазерная эпиляция Ноги полностью (1 сеанс) женская	epilation-273	Лазерная эпиляция Ноги полностью (1 сеанс) женская. Длительность: 30м	30м	5000 ₽			Да	1	услуга	/price?service=epilation
Эпиляция	Лазерная эпиляция Верхняя губа (1 сеанс) мужская	epilation-274	Лазерная эпиляция Верхняя губа (1 сеанс) мужская. Длительность: 15м	15м	880 ₽			Да	1	услуга	/price?service=epilation
Эпиляция	Лазерная эпиляция Подбородок (1 сеанс) мужская	epilation-275	Лазерная эпиляция Подбородок (1 сеанс) мужская. Длительность: 15м	15м	880 ₽			Да	1	услуга	/price?service=epilation
Эпиляция	Лазерная эпиляция Межбровье (1 сеанс) мужская	epilation-276	Лазерная эпиляция Межбровье (1 сеанс) мужская. Длительность: 15м	15м	880 ₽			Да	1	услуга	/price?service=epilation
Эпиляция	Лазерная эпиляция Щёки (1 сеанс) мужская	epilation-277	Лазерная эпиляция Щёки (1 сеанс) мужская. Длительность: 15м	15м	1100 ₽			Да	1	услуга	/price?service=epilation
Эпиляция	Лазерная эпиляция Виски (1 сеанс) мужская	epilation-278	Лазерная эпиляция Виски (1 сеанс) мужская. Длительность: 15м	15м	1100 ₽			Да	1	услуга	/price?service=epilation
Эпиляция	Лазерная эпиляция Шея передняя поверхность (1 сеанс) мужская	epilation-279	Лазерная эпиляция Шея передняя поверхность (1 сеанс) мужская. Длительность: 15м	15м	1430 ₽			Да	1	услуга	/price?service=epilation
Эпиляция	Лазерная эпиляция Шея задняя поверхность (1 сеанс) мужская	epilation-280	Лазерная эпиляция Шея задняя поверхность (1 сеанс) мужская. Длительность: 15м	15м	1430 ₽			Да	1	услуга	/price?service=epilation
Эпиляция	Лазерная эпиляция Нос (1 сеанс) мужская	epilation-281	Лазерная эпиляция Нос (1 сеанс) мужская. Длительность: 10м	10м	680 ₽			Да	1	услуга	/price?service=epilation
Эпиляция	Лазерная эпиляция Лоб (1 сеанс) мужская	epilation-282	Лазерная эпиляция Лоб (1 сеанс) мужская. Длительность: 15м	15м	1100 ₽			Да	1	услуга	/price?service=epilation
Эпиляция	Лазерная эпиляция 10 Пальцев (1 сеанс) мужская	epilation-283	Лазерная эпиляция 10 Пальцев (1 сеанс) мужская. Длительность: 15м	15м	880 ₽			Да	1	услуга	/price?service=epilation
Эпиляция	Лазерная эпиляция Декольте (1 сеанс) мужская	epilation-284	Лазерная эпиляция Декольте (1 сеанс) мужская. Длительность: 20м	20м	2750 ₽			Да	1	услуга	/price?service=epilation
Эпиляция	Лазерная эпиляция Грудь (1 сеанс) мужская	epilation-285	Лазерная эпиляция Грудь (1 сеанс) мужская. Длительность: 20м	20м	2200 ₽			Да	1	услуга	/price?service=epilation
Эпиляция	Лазерная эпиляция Ореолы (1 сеанс) мужская	epilation-286	Лазерная эпиляция Ореолы (1 сеанс) мужская. Длительность: 10м	10м	1650 ₽			Да	1	услуга	/price?service=epilation
Эпиляция	Лазерная эпиляция Подмышечные впадины (1 сеанс) мужская	epilation-287	Лазерная эпиляция Подмышечные впадины (1 сеанс) мужская. Длительность: 15м	15м	1760 ₽			Да	1	услуга	/price?service=epilation
Эпиляция	Лазерная эпиляция Живот полностью (1 сеанс) мужская	epilation-288	Лазерная эпиляция Живот полностью (1 сеанс) мужская. Длительность: 15м	15м	3300 ₽			Да	1	услуга	/price?service=epilation
Эпиляция	Лазерная эпиляция Белая линия живота (1 сеанс) мужская	epilation-289	Лазерная эпиляция Белая линия живота (1 сеанс) мужская. Длительность: 15м	15м	1760 ₽			Да	1	услуга	/price?service=epilation
Эпиляция	Лазерная эпиляция Спина нижняя треть/крестец (1 сеанс) мужская	epilation-290	Лазерная эпиляция Спина нижняя треть/крестец (1 сеанс) мужская. Длительность: 15м	15м	5500 ₽			Да	1	услуга	/price?service=epilation
Эпиляция	Лазерная эпиляция Бёдра полностью (1 сеанс) мужская	epilation-291	Лазерная эпиляция Бёдра полностью (1 сеанс) мужская. Длительность: 15м	15м	3300 ₽			Да	1	услуга	/price?service=epilation
Эпиляция	Лазерная эпиляция Внутренняя часть бёдер (1 сеанс) мужская	epilation-292	Лазерная эпиляция Внутренняя часть бёдер (1 сеанс) мужская. Длительность: 15м	15м	2750 ₽			Да	1	услуга	/price?service=epilation
Эпиляция	Лазерная эпиляция Передняя часть бёдер (1 сеанс) мужская	epilation-293	Лазерная эпиляция Передняя часть бёдер (1 сеанс) мужская. Длительность: 15м	15м	2750 ₽			Да	1	услуга	/price?service=epilation
Эпиляция	Лазерная эпиляция Задняя часть бёдер (1 сеанс) мужская	epilation-294	Лазерная эпиляция Задняя часть бёдер (1 сеанс) мужская. Длительность: 15м	15м	2750 ₽			Да	1	услуга	/price?service=epilation
Эпиляция	Лазерная эпиляция Ягодицы (1 сеанс) мужская	epilation-295	Лазерная эпиляция Ягодицы (1 сеанс) мужская. Длительность: 15м	15м	3300 ₽			Да	1	услуга	/price?service=epilation
Эпиляция	Лазерная эпиляция Межъягодичная зона (1 сеанс) мужская	epilation-296	Лазерная эпиляция Межъягодичная зона (1 сеанс) мужская. Длительность: 15м	15м	2200 ₽			Да	1	услуга	/price?service=epilation
Эпиляция	Лазерная эпиляция Плечи (1 сеанс) мужская	epilation-297	Лазерная эпиляция Плечи (1 сеанс) мужская. Длительность: 15м	15м	3080 ₽			Да	1	услуга	/price?service=epilation
Эпиляция	Лазерная эпиляция Руки до локтя (1 сеанс) мужская	epilation-298	Лазерная эпиляция Руки до локтя (1 сеанс) мужская. Длительность: 15м	15м	2200 ₽			Да	1	услуга	/price?service=epilation
Эпиляция	Лазерная эпиляция Руки полностью (1 сеанс) мужская	epilation-299	Лазерная эпиляция Руки полностью (1 сеанс) мужская. Длительность: 30м	30м	4400 ₽			Да	1	услуга	/price?service=epilation
Эпиляция	Лазерная эпиляция Ноги до колен (с коленями) (1 сеанс) мужская	epilation-300	Лазерная эпиляция Ноги до колен (с коленями) (1 сеанс) мужская. Длительность: 15м	15м	3300 ₽			Да	1	услуга	/price?service=epilation
Эпиляция	Лазерная эпиляция Ноги полностью (1 сеанс) мужская	epilation-301	Лазерная эпиляция Ноги полностью (1 сеанс) мужская. Длительность: 40м	40м	5500 ₽			Да	1	услуга	/price?service=epilation